City_ID,City,Country,Date,Lat,Lng,Max Temp,Humidity,Cloudiness,Wind Speed
0,Rikitea,PF,2021-06-06 03:07:57,-23.1203,-134.9692,76.1,81,69,12.8
1,Hilo,US,2021-06-06 03:05:18,19.7297,-155.09,80.28,78,27,4.0
2,Bluff,NZ,2021-06-06 03:07:58,-46.6,168.3333,49.8,70,78,4.74
3,Hami,CN,2021-06-06 03:07:58,42.8,93.45,79.74,20,79,5.66
4,Provideniya,RU,2021-06-06 03:07:58,64.3833,-173.3,41.54,64,37,1.59
5,Verkhnetulomskiy,RU,2021-06-06 03:07:59,68.6073,31.7962,41.13,59,4,6.26
6,Saint-Philippe,RE,2021-06-06 03:07:59,-21.3585,55.7679,72.48,83,57,2.13
7,Vaini,TO,2021-06-06 03:07:59,-21.2,-175.2,78.96,73,40,2.3
8,Jamestown,US,2021-06-06 03:08:00,42.097,-79.2353,72.72,72,1,1.01
9,Komsomolskiy,UZ,2021-06-06 03:08:00,40.4272,71.7189,86.72,20,0,11.5
10,Valdivia,CL,2021-06-06 03:08:00,-39.8142,-73.2459,42.89,97,53,1.7
11,Punta Arenas,CL,2021-06-06 03:08:01,-53.15,-70.9167,35.71,93,90,11.9
12,Saint-Joseph,RE,2021-06-06 03:08:01,-21.3667,55.6167,71.47,83,46,2.57
13,Dikson,RU,2021-06-06 03:08:01,73.5069,80.5464,30.72,95,100,11.5
14,Tasiilaq,GL,2021-06-06 03:08:02,65.6145,-37.6368,41.16,98,100,2.98
15,Arraial Do Cabo,BR,2021-06-06 03:08:02,-22.9661,-42.0278,72.93,86,0,21.54
16,Noshiro,JP,2021-06-06 03:08:02,40.2039,140.0242,70.7,58,93,13.62
17,Kemijarvi,FI,2021-06-06 03:08:03,66.7131,27.4306,53.06,66,10,6.35
18,Sao Joao Da Barra,BR,2021-06-06 03:05:08,-21.6403,-41.0511,72.18,88,0,9.89
19,Clyde River,CA,2021-06-06 03:08:03,70.4692,-68.5914,32.23,100,90,18.41
20,Namibe,AO,2021-06-06 03:08:03,-15.1961,12.1522,71.49,55,46,2.44
21,Sompeta,IN,2021-06-06 03:08:04,18.9333,84.6,89.65,63,5,11.72
22,Vila Franca Do Campo,PT,2021-06-06 03:08:04,37.7167,-25.4333,59.41,87,44,0.87
23,Carnarvon,AU,2021-06-06 03:08:04,-24.8667,113.6333,80.67,39,90,4.61
24,Hermanus,ZA,2021-06-06 03:08:05,-34.4187,19.2345,63.9,41,8,8.72
25,Dingle,PH,2021-06-06 03:08:05,10.9995,122.6711,83.07,77,100,7.54
26,Atuona,PF,2021-06-06 03:08:05,-9.8,-139.0333,79.34,69,18,14.18
27,Monrovia,LR,2021-06-06 03:03:31,6.3005,-10.7969,76.77,84,97,3.09
28,Gazli,UZ,2021-06-06 03:08:06,40.1333,63.45,94.26,16,0,4.54
29,Aswan,EG,2021-06-06 03:08:06,24.0934,32.907,76.23,30,5,13.27
30,Kamenka,RU,2021-06-06 03:08:06,51.3223,42.7678,54.59,97,100,10.16
31,Puerto Carreno,CO,2021-06-06 03:08:07,6.189,-67.4859,75.6,87,20,5.37
32,Vila Velha,BR,2021-06-06 03:05:11,-20.3297,-40.2925,68.95,96,20,3.0
33,Puerto Ayora,EC,2021-06-06 03:08:07,-0.7393,-90.3518,72.55,91,21,1.99
34,Ribeira Grande,PT,2021-06-06 03:08:08,38.5167,-28.7,64.36,87,100,9.01
35,Busselton,AU,2021-06-06 03:08:08,-33.65,115.3333,61.05,77,79,14.85
36,Aitape,PG,2021-06-06 03:08:08,-3.1374,142.3475,84.34,73,45,5.21
37,Seymchan,RU,2021-06-06 03:08:08,62.8833,152.4333,66.06,36,9,24.61
38,Faanui,PF,2021-06-06 03:08:09,-16.4833,-151.75,80.87,73,9,9.91
39,Cape Town,ZA,2021-06-06 03:05:33,-33.9258,18.4232,64.11,34,19,6.85
40,Butaritari,KI,2021-06-06 03:08:09,3.0707,172.7902,82.53,74,35,7.14
41,Berja,ES,2021-06-06 03:08:10,36.8469,-2.9497,64.13,75,0,5.75
42,Varhaug,NO,2021-06-06 03:08:10,58.6147,5.6457,57.85,93,100,4.83
43,Jiazi,CN,2021-06-06 03:08:10,22.8779,116.067,82.78,75,48,6.02
44,Buala,SB,2021-06-06 03:08:11,-8.145,159.5921,85.51,69,48,7.74
45,Ushuaia,AR,2021-06-06 03:08:11,-54.8,-68.3,31.66,86,0,8.05
46,Abu Samrah,SY,2021-06-06 03:08:11,35.3029,37.1841,64.45,60,0,6.73
47,Khatanga,RU,2021-06-06 03:08:11,71.9667,102.5,36.73,71,100,12.03
48,Yellowknife,CA,2021-06-06 03:08:08,62.456,-114.3525,60.57,51,86,1.99
49,Kodiak,US,2021-06-06 03:08:12,57.79,-152.4072,60.31,41,1,20.71
50,Hambantota,LK,2021-06-06 03:08:12,6.1241,81.1185,80.94,94,0,16.13
51,Port Elizabeth,ZA,2021-06-06 03:08:12,-33.918,25.5701,54.32,53,0,9.73
52,Cidreira,BR,2021-06-06 03:08:13,-30.1811,-50.2056,64.67,92,100,9.93
53,Mataura,NZ,2021-06-06 03:08:13,-46.1927,168.8643,49.48,72,16,0.92
54,Kieta,PG,2021-06-06 03:08:02,-6.2167,155.6333,86.11,69,5,8.12
55,Wad Rawah,SD,2021-06-06 03:08:13,15.1603,33.1397,88.05,42,81,8.61
56,Lakes Entrance,AU,2021-06-06 03:08:14,-37.8811,147.981,67.17,54,87,3.42
57,Albany,US,2021-06-06 03:08:14,42.6001,-73.9662,73.92,72,24,1.01
58,Asyut,EG,2021-06-06 03:08:14,27.181,31.1837,69.48,56,4,12.75
59,Hasaki,JP,2021-06-06 03:08:15,35.7333,140.8333,72.0,92,100,6.26
60,Avarua,CK,2021-06-06 03:08:15,-21.2078,-159.775,75.25,69,40,8.05
61,Quatre Cocos,MU,2021-06-06 03:08:15,-20.2078,57.7625,70.09,81,46,1.86
62,Nemuro,JP,2021-06-06 03:08:16,43.3236,145.575,56.52,78,92,17.54
63,East London,ZA,2021-06-06 03:08:16,-33.0153,27.9116,55.74,59,0,11.23
64,Xinqing,CN,2021-06-06 03:08:16,48.2333,129.5,58.75,67,91,4.27
65,Verkh-Usugli,RU,2021-06-06 03:08:17,52.7,115.1667,78.85,23,7,10.83
66,Tiksi,RU,2021-06-06 03:08:17,71.6872,128.8694,43.66,57,87,6.11
67,Port Alfred,ZA,2021-06-06 03:08:17,-33.5906,26.891,56.5,56,0,11.45
68,Margate,GB,2021-06-06 03:08:17,51.3813,1.3862,58.21,83,8,5.55
69,Paamiut,GL,2021-06-06 03:08:18,61.994,-49.6678,39.34,94,100,12.41
70,Altay,CN,2021-06-06 03:08:18,47.8667,88.1167,54.57,49,0,4.97
71,Qaanaaq,GL,2021-06-06 03:08:18,77.484,-69.3632,34.88,71,80,6.82
72,Cabo San Lucas,MX,2021-06-06 03:07:43,22.8909,-109.9124,90.81,63,1,15.17
73,San Nicolas,PH,2021-06-06 03:08:19,18.1725,120.5953,84.11,84,75,11.5
74,Yar-Sale,RU,2021-06-06 03:08:19,66.8333,70.8333,39.43,70,97,11.56
75,Cozumel,MX,2021-06-06 03:08:20,20.5083,-86.9458,82.38,79,100,10.18
76,Barrow,US,2021-06-06 03:08:20,71.2906,-156.7887,33.82,86,75,11.5
77,Carauari,BR,2021-06-06 03:08:20,-4.8828,-66.8958,73.9,94,100,0.96
78,Nurota,UZ,2021-06-06 03:08:21,40.5614,65.6886,86.09,12,0,1.83
79,Londoko,RU,2021-06-06 03:08:21,49.0333,131.9833,66.13,48,98,4.56
80,New Norfolk,AU,2021-06-06 03:08:21,-42.7826,147.0587,54.57,47,100,4.38
81,Sabang,ID,2021-06-06 03:08:22,5.8933,95.3214,82.99,75,95,16.42
82,Saldanha,ZA,2021-06-06 03:08:22,-33.0117,17.9442,66.0,34,36,19.75
83,Saint-Raphael,HT,2021-06-06 03:08:22,19.4333,-72.2,71.96,90,86,2.48
84,Sao Filipe,CV,2021-06-06 03:08:22,14.8961,-24.4956,78.22,61,100,11.41
85,Mackenzie,CA,2021-06-06 03:08:23,55.2999,-123.1698,56.59,42,75,9.04
86,Udaipura,IN,2021-06-06 03:08:23,23.0833,78.5,87.42,51,22,12.86
87,Avera,US,2021-06-06 03:08:23,33.194,-82.5271,75.7,93,100,4.7
88,Faya,SA,2021-06-06 03:08:24,18.3851,42.4509,66.72,56,0,2.08
89,Pangnirtung,CA,2021-06-06 03:08:24,66.1451,-65.7125,27.66,96,64,2.68
90,Bauchi,NG,2021-06-06 03:08:24,10.5,10.0,76.68,73,79,4.9
91,Hobart,AU,2021-06-06 03:08:25,-42.8794,147.3294,54.91,62,75,1.99
92,Karratha,AU,2021-06-06 03:08:25,-20.7377,116.8463,79.02,49,58,17.27
93,Akdepe,TM,2021-06-06 03:08:25,42.0551,59.3788,82.49,29,5,10.4
94,Alice Springs,AU,2021-06-06 03:07:07,-23.7,133.8833,65.75,34,0,13.09
95,Bredasdorp,ZA,2021-06-06 03:08:26,-34.5322,20.0403,51.94,45,0,5.14
96,Lagoa,PT,2021-06-06 03:08:26,39.05,-27.9833,62.98,88,99,9.95
97,Guiyang,CN,2021-06-06 03:08:26,26.5833,106.7167,79.29,53,0,4.47
98,Florianopolis,BR,2021-06-06 03:08:27,-27.6146,-48.5012,70.63,91,0,14.97
99,Pedernales,DO,2021-06-06 03:08:27,18.0384,-71.744,79.59,68,2,7.65
100,Port Blair,IN,2021-06-06 03:08:27,11.6667,92.75,85.44,73,100,12.73
101,Phan Thiet,VN,2021-06-06 03:08:28,10.9333,108.1,87.03,65,100,12.41
102,Kangasala,FI,2021-06-06 03:08:28,61.4638,24.076,61.07,79,86,3.71
103,Flinders,AU,2021-06-06 03:08:28,-34.5833,150.8552,68.2,48,5,3.0
104,Tromso,NO,2021-06-06 03:08:29,69.6496,18.957,47.05,81,0,8.05
105,Galbshtadt,RU,2021-06-06 03:08:29,53.2264,78.9845,65.07,50,14,9.73
106,San Andres,CO,2021-06-06 03:03:35,12.5847,-81.7006,81.39,82,24,15.55
107,Kapaa,US,2021-06-06 03:08:29,22.0752,-159.319,84.18,71,40,1.01
108,Harper,LR,2021-06-06 03:08:30,4.375,-7.7169,77.7,88,83,3.4
109,Moanda,GA,2021-06-06 03:08:30,-1.5575,13.2178,71.82,90,99,2.28
110,Changji,CN,2021-06-06 03:08:30,44.0167,87.3167,57.99,67,0,2.68
111,Saint George,US,2021-06-06 03:08:31,37.1041,-113.5841,97.39,10,1,1.01
112,Lebu,CL,2021-06-06 03:08:31,-37.6167,-73.65,48.52,79,91,10.98
113,Tuatapere,NZ,2021-06-06 03:08:31,-46.1333,167.6833,49.82,74,46,0.16
114,Bethel,US,2021-06-06 03:08:32,41.3712,-73.414,80.49,64,1,5.75
115,Tonj,SS,2021-06-06 03:08:32,7.2737,28.6822,68.67,93,79,2.37
116,Necochea,AR,2021-06-06 03:08:32,-38.5473,-58.7368,46.33,76,0,10.51
117,Moron,AR,2021-06-06 03:08:32,-34.6534,-58.6198,53.35,62,0,1.99
118,Airai,TL,2021-06-06 03:08:33,-8.9266,125.4092,72.12,58,56,3.47
119,Apsheronsk,RU,2021-06-06 03:08:33,44.46,39.73,52.07,83,30,3.53
120,Torbay,CA,2021-06-06 03:08:33,47.6666,-52.7314,53.76,97,100,9.69
121,Pekan,MY,2021-06-06 03:08:34,3.4836,103.3996,87.15,61,79,7.72
122,Tuktoyaktuk,CA,2021-06-06 03:08:34,69.4541,-133.0374,34.45,80,20,11.12
123,Lukang,TW,2021-06-06 03:08:34,24.0567,120.4352,81.01,86,100,10.63
124,Okhotsk,RU,2021-06-06 03:08:35,59.3833,143.3,46.49,76,99,6.13
125,Port Hedland,AU,2021-06-06 03:08:35,-20.3167,118.5667,82.45,26,85,19.57
126,Acapulco,MX,2021-06-06 03:04:46,16.8634,-99.8901,82.72,76,89,4.74
127,Shingu,JP,2021-06-06 03:08:35,33.7333,135.9833,68.13,89,100,3.62
128,Ostrovnoy,RU,2021-06-06 03:08:36,68.0531,39.5131,40.51,73,89,12.68
129,Lillesand,NO,2021-06-06 03:08:36,58.2488,8.3778,57.88,94,90,3.11
130,Victoria,HK,2021-06-06 03:08:36,22.2855,114.1577,87.96,73,42,7.0
131,Hithadhoo,MV,2021-06-06 03:08:37,-0.6,73.0833,83.1,73,99,13.4
132,Shenjiamen,CN,2021-06-06 03:08:37,29.9576,122.298,72.39,72,45,11.48
133,Wanning,CN,2021-06-06 03:08:37,18.8003,110.3967,86.23,69,62,4.38
134,Tawang,IN,2021-06-06 03:08:38,27.5833,91.8667,61.14,78,71,4.85
135,Totma,RU,2021-06-06 03:08:38,59.9747,42.7642,61.86,61,9,2.35
136,Atakpame,TG,2021-06-06 03:08:38,7.5333,1.1333,70.3,96,72,3.2
137,Lyuban,BY,2021-06-06 03:08:39,52.7985,28.0048,54.36,82,97,6.35
138,Pinillos,CO,2021-06-06 03:08:39,8.9193,-74.4677,76.68,97,98,2.73
139,Cherskiy,RU,2021-06-06 03:06:40,68.75,161.3,70.81,27,36,22.97
140,Antofagasta,CL,2021-06-06 03:08:39,-23.65,-70.4,58.28,82,43,3.42
141,Kargopol,RU,2021-06-06 03:08:40,61.5071,38.9456,61.95,63,8,2.71
142,Nome,US,2021-06-06 03:08:40,64.5011,-165.4064,35.67,93,90,14.97
143,Nikolskoye,RU,2021-06-06 03:08:40,59.7035,30.7861,55.4,69,100,3.0
144,Igarka,RU,2021-06-06 03:08:41,67.4667,86.5833,33.85,84,100,14.52
145,Calvinia,ZA,2021-06-06 03:08:41,-31.4707,19.776,46.96,33,0,10.58
146,Thompson,CA,2021-06-06 03:04:22,55.7435,-97.8558,53.76,94,90,11.5
147,Bengkulu,ID,2021-06-06 03:07:24,-3.8004,102.2655,81.91,75,14,1.16
148,Georgetown,MY,2021-06-06 03:07:34,5.4112,100.3354,85.95,77,20,4.18
149,Lompoc,US,2021-06-06 03:04:53,34.6391,-120.4579,64.38,82,90,10.36
150,Jian,CN,2021-06-06 03:08:42,27.1172,114.9793,82.6,58,0,1.34
151,Tual,ID,2021-06-06 03:08:42,-5.6667,132.75,81.21,78,18,18.77
152,Ouango,CF,2021-06-06 03:08:42,4.3133,22.5552,69.22,99,100,1.52
153,Bad Munstereifel,DE,2021-06-06 03:08:43,50.55,6.7667,56.91,90,100,5.44
154,Pisco,PE,2021-06-06 03:08:24,-13.7,-76.2167,64.45,82,90,3.44
155,Shimoda,JP,2021-06-06 03:08:43,34.6667,138.95,71.17,97,100,8.52
156,Itoman,JP,2021-06-06 03:08:43,26.1247,127.6694,89.98,79,75,17.27
157,Kichmengskiy Gorodok,RU,2021-06-06 03:08:44,59.9816,45.7854,62.58,61,8,3.76
158,Qaqortoq,GL,2021-06-06 03:08:44,60.7167,-46.0333,46.9,87,100,5.95
159,Castro,BR,2021-06-06 03:08:44,-24.7911,-50.0119,57.76,78,53,2.86
160,Tigil,RU,2021-06-06 03:08:45,57.8,158.6667,52.88,84,100,5.97
161,Kloulklubed,PW,2021-06-06 03:08:45,7.0419,134.2556,82.62,77,81,8.28
162,Jiangyou,CN,2021-06-06 03:08:45,31.7667,104.7167,83.95,41,100,3.94
163,Norman Wells,CA,2021-06-06 03:08:46,65.282,-126.8329,36.54,98,100,7.78
164,Banyo,CM,2021-06-06 03:08:46,6.75,11.8167,62.82,93,81,2.06
165,Korla,CN,2021-06-06 03:08:46,41.7597,86.1469,79.03,30,96,15.03
166,North Bend,US,2021-06-06 03:08:47,43.4065,-124.2243,59.23,76,1,12.66
167,Plettenberg Bay,ZA,2021-06-06 03:08:47,-34.0527,23.3716,58.84,28,0,7.43
168,Imbituba,BR,2021-06-06 03:08:47,-28.24,-48.6703,69.69,76,48,7.61
169,Bambous Virieux,MU,2021-06-06 03:08:48,-20.3428,57.7575,70.21,81,27,2.93
170,Marshall,US,2021-06-06 03:06:48,34.3834,-86.3333,74.52,88,1,2.53
171,Tucuman,AR,2021-06-06 03:08:41,-26.8241,-65.2226,61.72,78,100,4.09
172,Fuxin,CN,2021-06-06 03:08:49,42.0156,121.6589,75.88,36,6,5.46
173,Simao,CN,2021-06-06 03:08:49,22.7886,100.9748,73.18,86,66,2.55
174,Mar Del Plata,AR,2021-06-06 03:05:40,-38.0023,-57.5575,48.13,57,0,5.99
175,Klaksvik,FO,2021-06-06 03:08:50,62.2266,-6.589,49.12,96,92,10.8
176,Hastings,GB,2021-06-06 03:08:50,50.8552,0.5729,56.71,84,13,4.52
177,Juneau,US,2021-06-06 03:05:53,58.3019,-134.4197,53.22,91,90,1.01
178,Zafra,ES,2021-06-06 03:08:51,38.4167,-6.4167,62.33,57,0,1.77
179,Kovdor,RU,2021-06-06 03:08:51,67.5662,30.4758,48.76,58,13,4.74
180,Dwarka,IN,2021-06-06 03:08:51,22.2394,68.9678,86.2,64,1,9.35
181,Constitucion,CL,2021-06-06 03:08:52,-35.3333,-72.4167,49.91,63,100,5.41
182,Aden,YE,2021-06-06 03:08:52,12.7794,45.0367,88.48,65,9,5.73
183,Iqaluit,CA,2021-06-06 03:04:19,63.7506,-68.5145,29.93,100,90,5.99
184,Goundam,ML,2021-06-06 03:08:52,16.4145,-3.6708,92.03,20,0,7.52
185,Dudinka,RU,2021-06-06 03:08:53,69.4058,86.1778,33.01,91,100,9.19
186,San Francisco,US,2021-06-06 03:05:04,37.7749,-122.4194,75.07,74,40,1.99
187,Fengzhen,CN,2021-06-06 03:08:53,40.4394,113.1536,76.62,17,97,9.91
188,Isangel,VU,2021-06-06 03:08:53,-19.55,169.2667,76.46,77,100,13.85
189,Sitka,US,2021-06-06 03:08:54,57.0531,-135.33,55.29,62,75,11.5
190,Grao Mogol,BR,2021-06-06 03:08:54,-16.5594,-42.8897,64.83,79,100,3.83
191,Aklavik,CA,2021-06-06 03:08:54,68.2191,-135.0107,41.14,75,97,8.48
192,Roald,NO,2021-06-06 03:08:15,62.5833,6.1333,61.16,94,90,3.44
193,Jaciara,BR,2021-06-06 03:08:55,-15.9653,-54.9683,70.43,57,100,2.55
194,San-Pedro,CI,2021-06-06 03:08:55,4.7485,-6.6363,76.98,92,82,4.72
195,Billings,US,2021-06-06 03:05:26,45.7833,-108.5007,73.92,50,75,19.57
196,Urumqi,CN,2021-06-06 03:08:55,43.801,87.6005,54.55,67,0,9.42
197,Kolvereid,NO,2021-06-06 03:08:56,64.8655,11.6047,52.63,80,50,0.74
198,Chumikan,RU,2021-06-06 03:08:56,54.7183,135.315,38.3,95,100,4.29
199,Deputatskiy,RU,2021-06-06 03:08:56,69.3,139.9,38.64,63,94,11.86
200,Salalah,OM,2021-06-06 03:08:57,17.0151,54.0924,86.09,70,75,2.3
201,Iquitos,PE,2021-06-06 03:04:22,-3.7481,-73.2472,73.04,98,97,0.85
202,Crossgates,GB,2021-06-06 03:08:57,56.0667,-3.3833,53.82,85,0,4.0
203,Cockburn Town,TC,2021-06-06 03:08:58,21.4612,-71.1419,80.04,83,0,22.88
204,San Quintin,MX,2021-06-06 03:08:58,30.4833,-115.95,66.43,82,2,7.54
205,Shahr-E Babak,IR,2021-06-06 03:08:58,30.1165,55.1186,81.27,10,0,2.68
206,Surt,LY,2021-06-06 03:08:58,31.2089,16.5887,68.36,71,6,9.93
207,Guerrero Negro,MX,2021-06-06 03:08:59,27.9769,-114.0611,63.55,82,99,14.85
208,Koslan,RU,2021-06-06 03:08:59,63.4564,48.8989,61.74,61,29,7.58
209,Bilibino,RU,2021-06-06 03:08:59,68.0546,166.4372,71.78,26,59,10.02
210,Kaitangata,NZ,2021-06-06 03:06:36,-46.2817,169.8464,53.92,60,80,3.96
211,Beregovoy,RU,2021-06-06 03:09:00,55.173,73.2198,68.05,57,14,10.58
212,Cantaura,VE,2021-06-06 03:09:00,9.3057,-64.3584,73.83,85,99,11.21
213,Bubaque,GW,2021-06-06 03:09:01,11.2833,-15.8333,79.32,85,100,15.41
214,Bokoro,TD,2021-06-06 03:09:01,12.3807,17.0568,84.31,52,100,12.28
215,Leningradskiy,RU,2021-06-06 03:09:01,69.3833,178.4167,37.85,91,100,13.02
216,Mahebourg,MU,2021-06-06 03:09:02,-20.4081,57.7,70.25,81,18,2.82
217,Jumla,NP,2021-06-06 03:09:02,29.2747,82.1838,67.95,57,64,2.55
218,Langfang,CN,2021-06-06 03:09:02,39.5097,116.6947,94.14,16,55,8.77
219,Stokmarknes,NO,2021-06-06 03:09:03,68.5646,14.9108,50.38,73,29,5.79
220,Dolinsk,RU,2021-06-06 03:09:03,47.35,142.8,62.46,64,73,3.47
221,Patharia,IN,2021-06-06 03:09:03,23.9,79.2,89.83,43,39,13.11
222,Narsaq,GL,2021-06-06 03:06:47,60.9167,-46.05,46.62,83,100,6.38
223,Kirakira,SB,2021-06-06 03:09:04,-10.4544,161.9205,85.15,69,90,6.71
224,Sinnamary,GF,2021-06-06 03:09:04,5.3833,-52.95,77.97,89,93,7.94
225,Basco,PH,2021-06-06 03:09:04,20.4487,121.9702,84.33,74,97,12.77
226,Nanortalik,GL,2021-06-06 03:09:05,60.1432,-45.2371,41.04,81,100,4.61
227,Duluth,US,2021-06-06 03:09:05,46.7833,-92.1066,66.78,84,1,1.01
228,Teguldet,RU,2021-06-06 03:09:05,57.3064,88.1667,54.79,82,88,6.89
229,Cantagalo,BR,2021-06-06 03:09:06,-21.9811,-42.3681,61.47,92,0,2.91
230,Kawambwa,ZM,2021-06-06 03:09:06,-9.7915,29.0791,58.42,74,96,7.65
231,Littleton,US,2021-06-06 03:05:33,39.6133,-105.0166,78.53,49,75,5.99
232,Caceres,ES,2021-06-06 03:09:06,39.522,-6.3748,60.8,79,0,3.74
233,Ladnun,IN,2021-06-06 03:09:07,27.65,74.3833,91.78,38,8,9.69
234,Omboue,GA,2021-06-06 03:09:07,-1.5746,9.2618,76.28,92,100,3.6
235,Chapais,CA,2021-06-06 03:09:07,49.7834,-74.8492,46.72,81,80,2.46
236,Padang,ID,2021-06-06 03:09:07,-0.9492,100.3543,84.33,60,81,2.39
237,Lasem,ID,2021-06-06 03:09:08,-6.6922,111.4527,86.54,61,5,5.1
238,Iranshahr,IR,2021-06-06 03:07:16,27.2025,60.6848,95.34,41,0,0.0
239,Batemans Bay,AU,2021-06-06 03:09:08,-35.7167,150.1833,65.19,42,2,5.3
240,Port Lincoln,AU,2021-06-06 03:09:08,-34.7333,135.8667,65.41,58,48,17.49
241,Rocha,UY,2021-06-06 03:09:09,-34.4833,-54.3333,48.04,91,85,6.31
242,Souillac,MU,2021-06-06 03:09:09,-20.5167,57.5167,70.36,82,11,1.9
243,Zhoucheng,CN,2021-06-06 03:05:16,35.9122,116.3117,97.66,22,6,12.77
244,Meulaboh,ID,2021-06-06 03:07:55,4.1363,96.1285,81.82,69,97,3.24
245,Limbang,MY,2021-06-06 03:09:10,4.75,115.0,82.51,66,100,5.19
246,Nabire,ID,2021-06-06 03:09:10,-3.3667,135.4833,87.22,64,60,4.43
247,Babu,CN,2021-06-06 03:05:16,24.4167,111.5167,83.97,54,0,1.9
248,Ilulissat,GL,2021-06-06 03:09:10,69.2167,-51.1,39.22,81,17,11.5
249,Mareeba,AU,2021-06-06 03:09:11,-17.0,145.4333,74.48,62,13,7.0
250,Chokurdakh,RU,2021-06-06 03:09:11,70.6333,147.9167,37.06,80,100,18.5
251,Gallarate,IT,2021-06-06 03:09:12,45.664,8.7903,63.34,87,0,1.01
252,Mnogovershinnyy,RU,2021-06-06 03:09:12,53.9353,139.9242,36.18,95,100,8.48
253,Carupano,VE,2021-06-06 03:09:12,10.6678,-63.2585,74.14,95,100,10.38
254,Mbandaka,CD,2021-06-06 03:09:13,0.0487,18.2603,70.14,99,100,3.4
255,Marzuq,YE,2021-06-06 03:09:13,14.4,46.4667,76.41,21,11,4.85
256,Upernavik,GL,2021-06-06 03:07:05,72.7868,-56.1549,34.39,85,4,3.65
257,Honiara,SB,2021-06-06 03:07:38,-9.4333,159.95,84.13,75,91,4.03
258,Jojoima,SL,2021-06-06 03:09:14,7.8792,-10.7878,71.85,99,94,0.38
259,Marsh Harbour,BS,2021-06-06 03:05:28,26.5412,-77.0636,78.57,83,44,17.22
260,Dickinson,US,2021-06-06 03:04:24,29.4608,-95.0513,79.95,83,1,3.0
261,Luanda,AO,2021-06-06 03:06:49,-8.8368,13.2343,77.0,83,75,2.3
262,Talnakh,RU,2021-06-06 03:09:14,69.4865,88.3972,32.09,97,100,5.46
263,Zolotukhino,RU,2021-06-06 03:09:15,52.0842,36.3772,57.27,98,98,7.67
264,San Jose,US,2021-06-06 03:06:07,37.3394,-121.895,74.46,57,75,1.99
265,Pevek,RU,2021-06-06 03:09:15,69.7008,170.3133,47.46,66,77,8.5
266,Jurm,AF,2021-06-06 03:09:15,36.8648,70.8342,78.44,29,4,0.38
267,Luderitz,NA,2021-06-06 03:09:16,-26.6481,15.1594,70.48,30,0,28.74
268,Mount Gambier,AU,2021-06-06 03:09:16,-37.8333,140.7667,60.98,77,100,11.7
269,Buta,CD,2021-06-06 03:09:16,2.7858,24.73,69.03,99,100,3.62
270,Karang Tengah,ID,2021-06-06 03:09:17,-7.5787,111.8642,87.28,63,6,1.5
271,Kostino,RU,2021-06-06 03:09:17,58.9097,53.2691,61.12,62,8,3.83
272,Plastun,RU,2021-06-06 03:09:17,44.7561,136.2939,64.72,66,90,1.43
273,Omsukchan,RU,2021-06-06 03:09:18,62.5333,155.8,45.79,74,79,13.94
274,Hobyo,SO,2021-06-06 03:07:06,5.3505,48.5268,77.56,85,54,20.42
275,Presidencia Roque Saenz Pena,AR,2021-06-06 03:09:18,-26.7852,-60.4388,68.7,87,100,8.95
276,Benghazi,LY,2021-06-06 03:09:19,32.1167,20.0667,69.12,66,0,9.66
277,Kibala,TD,2021-06-06 03:09:19,9.1104,18.3463,74.1,82,100,3.42
278,Mbanza-Ngungu,CD,2021-06-06 03:09:19,-5.25,14.8667,65.79,97,93,3.51
279,Touros,BR,2021-06-06 03:09:20,-5.1989,-35.4608,74.3,87,45,11.07
280,Mayumba,GA,2021-06-06 03:09:20,-3.432,10.6554,75.61,91,80,4.59
281,Haimen,CN,2021-06-06 03:09:20,23.1935,116.6142,78.69,83,50,15.43
282,Verkhoyansk,RU,2021-06-06 03:09:21,67.5447,133.385,53.47,40,100,8.52
283,Pontivy,FR,2021-06-06 03:09:21,48.0,-3.0,56.25,88,14,2.55
284,Porto Walter,BR,2021-06-06 03:09:21,-8.2686,-72.7439,72.45,93,63,2.44
285,Longyearbyen,SJ,2021-06-06 03:09:21,78.2186,15.6401,35.44,69,75,13.8
286,Chuy,UY,2021-06-06 03:09:22,-33.6971,-53.4616,52.79,89,100,7.94
287,Barcelona,ES,2021-06-06 03:06:45,41.3888,2.159,70.61,71,20,1.01
288,Ouesso,CG,2021-06-06 03:09:22,1.6136,16.0517,69.06,98,100,2.93
289,Saint-Francois,FR,2021-06-06 03:09:22,46.4154,3.9054,56.48,100,90,2.3
290,Saint Anthony,US,2021-06-06 03:09:23,45.0205,-93.218,89.38,42,1,1.99
291,Kushima,JP,2021-06-06 03:09:23,31.4583,131.2333,73.81,72,100,4.45
292,Te Anau,NZ,2021-06-06 03:09:23,-45.4167,167.7167,47.95,78,14,1.21
293,Killybegs,IE,2021-06-06 03:09:24,54.6333,-8.45,41.45,84,8,5.68
294,Naze,JP,2021-06-06 03:09:24,28.3667,129.4833,70.72,94,100,2.98
295,Port Macquarie,AU,2021-06-06 03:09:24,-31.4333,152.9167,65.89,49,0,5.35
296,Xuddur,SO,2021-06-06 03:09:25,4.1213,43.8894,70.39,85,30,11.92
297,Bugulma,RU,2021-06-06 03:09:25,54.55,52.8,56.98,56,62,7.63
298,Saskylakh,RU,2021-06-06 03:09:25,71.9167,114.0833,43.27,49,82,10.92
299,Orchard Homes,US,2021-06-06 03:06:11,46.8633,-114.0484,62.74,29,1,18.41
300,Yarada,IN,2021-06-06 03:09:26,17.65,83.2667,89.92,66,20,12.55
301,Jieshi,CN,2021-06-06 03:09:26,22.8134,115.8257,82.35,75,49,5.5
302,College,US,2021-06-06 03:09:27,64.8569,-147.8028,72.59,40,75,10.36
303,Naryan-Mar,RU,2021-06-06 03:09:27,67.6713,53.087,41.31,58,33,15.77
304,Lipin Bor,RU,2021-06-06 03:09:27,60.2622,37.9763,57.43,75,1,1.59
305,Sinegorye,RU,2021-06-06 03:09:27,62.0788,150.477,58.6,46,19,12.91
306,Homer,US,2021-06-06 03:09:28,59.6425,-151.5483,69.08,71,1,11.5
307,Lakatoro,VU,2021-06-06 03:09:28,-16.0999,167.4164,79.63,74,86,6.78
308,Oranjemund,NA,2021-06-06 03:09:28,-28.55,16.4333,64.62,34,0,19.06
309,Los Llanos De Aridane,ES,2021-06-06 03:09:29,28.6585,-17.9182,62.35,80,40,13.89
310,Qeshm,IR,2021-06-06 03:09:29,26.9581,56.2719,89.47,86,25,21.21
311,Kalawit,PH,2021-06-06 03:09:29,8.0667,122.5167,77.74,87,100,3.02
312,Lokoja,NG,2021-06-06 03:09:30,7.8024,6.743,73.85,96,74,2.68
313,Durusu,TR,2021-06-06 03:09:30,41.3053,28.6767,60.98,71,1,1.99
314,Kiama,AU,2021-06-06 03:09:30,-34.6833,150.8667,68.38,44,5,2.13
315,West Wendover,US,2021-06-06 03:09:31,40.7391,-114.0733,87.01,8,1,14.97
316,Havoysund,NO,2021-06-06 03:09:31,70.9963,24.6622,41.88,79,8,17.96
317,Polillo,PH,2021-06-06 03:09:31,14.7122,121.9392,90.84,56,100,3.69
318,Diego De Almagro,CL,2021-06-06 03:09:32,-26.3667,-70.05,55.85,63,0,0.18
319,Neiafu,TO,2021-06-06 03:09:32,-18.65,-173.9833,77.68,69,20,10.36
320,Ponta Do Sol,PT,2021-06-06 03:09:32,32.6667,-17.1,67.01,75,55,5.01
321,Fortuna,US,2021-06-06 03:09:33,40.5982,-124.1573,62.19,70,1,5.99
322,Lotofaga,WS,2021-06-06 03:09:33,-13.9764,-171.8578,87.58,77,36,9.55
323,Shigony,RU,2021-06-06 03:09:33,53.3875,48.6777,56.79,86,85,5.44
324,Hof,DE,2021-06-06 03:08:50,50.3167,11.9167,60.46,91,100,3.0
325,Burnie,AU,2021-06-06 03:09:34,-41.0667,145.9167,53.65,76,100,10.49
326,Hue,VN,2021-06-06 03:09:34,16.4667,107.6,89.71,58,40,3.18
327,Rosetta,EG,2021-06-06 03:09:34,31.4044,30.4164,69.35,66,0,14.14
328,Tortoli,IT,2021-06-06 03:09:35,39.9256,9.6572,68.99,79,99,0.72
329,Castro Marim,PT,2021-06-06 03:09:35,37.2207,-7.4435,64.38,58,0,7.87
330,Waipawa,NZ,2021-06-06 03:09:35,-41.4122,175.5153,60.03,78,100,3.29
331,Severo-Kurilsk,RU,2021-06-06 03:09:36,50.6789,156.125,46.71,89,69,8.19
332,Diamond Harbour,IN,2021-06-06 03:09:36,22.1917,88.1847,91.38,50,30,12.88
333,Progreso,MX,2021-06-06 03:09:36,21.2833,-89.6667,80.71,68,100,11.9
334,Weatherford,US,2021-06-06 03:06:40,32.7593,-97.7972,75.11,89,100,7.18
335,Polunochnoye,RU,2021-06-06 03:09:37,60.8697,60.4153,69.75,40,49,9.24
336,Clemson,US,2021-06-06 03:07:27,34.6834,-82.8374,74.48,87,75,0.0
337,Ahipara,NZ,2021-06-06 03:09:37,-35.1667,173.1667,58.35,92,100,16.4
338,Galle,LK,2021-06-06 03:07:21,6.0367,80.217,82.6,78,91,10.56
339,Kontagora,NG,2021-06-06 03:09:37,10.3999,5.4695,75.54,76,93,3.98
340,Geraldton,AU,2021-06-06 03:09:38,-28.7667,114.6,68.13,55,0,7.83
341,Banda Aceh,ID,2021-06-06 03:09:38,5.5577,95.3222,84.18,70,63,11.61
342,Douglas,US,2021-06-06 03:09:38,41.3,-96.167,81.46,48,1,14.07
343,Mehamn,NO,2021-06-06 03:09:39,71.0357,27.8492,41.32,79,13,19.75
344,Rakovski,BG,2021-06-06 03:09:39,42.3,24.9667,55.06,81,1,1.66
345,Labuan,MY,2021-06-06 03:09:39,5.2767,115.2417,82.56,79,98,13.18
346,Turukhansk,RU,2021-06-06 03:09:40,65.8167,87.9833,32.31,85,100,14.32
347,Nouadhibou,MR,2021-06-06 03:05:54,20.931,-17.0347,65.86,80,29,20.54
348,Hamilton,US,2021-06-06 03:09:40,39.1834,-84.5333,74.25,76,1,4.16
349,Rio Grande,BR,2021-06-06 03:07:11,-32.035,-52.0986,57.94,95,100,9.22
350,Moerai,PF,2021-06-06 03:09:40,-22.4333,-151.3333,74.91,86,100,12.73
351,Lavrentiya,RU,2021-06-06 03:09:41,65.5833,-171.0,35.94,76,96,12.84
352,Cap Malheureux,MU,2021-06-06 03:09:41,-19.9842,57.6142,70.47,91,55,1.99
353,Adelaide,AU,2021-06-06 03:09:41,-34.9333,138.6,67.21,63,40,3.0
354,Ngunguru,NZ,2021-06-06 03:09:42,-35.6167,174.5,62.17,85,100,16.73
355,Davila,PH,2021-06-06 03:09:42,18.4726,120.5763,84.18,69,100,17.74
356,Pabna,BD,2021-06-06 03:09:42,24.0,89.25,94.46,48,87,10.27
357,Mackay,AU,2021-06-06 03:09:43,-21.15,149.2,73.69,67,73,14.45
358,Araouane,ML,2021-06-06 03:09:43,18.9048,-3.5265,94.14,8,58,8.32
359,Shasta Lake,US,2021-06-06 03:09:43,40.6804,-122.3708,90.32,18,73,7.34
360,Mercedes,AR,2021-06-06 03:09:44,-34.6515,-59.4307,49.86,68,0,7.25
361,San Patricio,US,2021-06-06 03:09:44,28.017,-97.5169,82.26,84,0,8.03
362,Ternate,ID,2021-06-06 03:09:44,0.8,127.4,84.65,72,95,5.82
363,Tura,IN,2021-06-06 03:09:45,25.5198,90.2201,82.47,74,28,4.45
364,Gurbanesti,RO,2021-06-06 03:09:45,44.3833,26.7,64.58,79,95,1.07
365,Lazaro Cardenas,MX,2021-06-06 03:09:45,17.9583,-102.2,81.93,76,48,4.0
366,Ziro,IN,2021-06-06 03:09:46,27.6333,93.8333,59.7,93,98,0.65
367,Florida,US,2021-06-06 03:08:09,28.7505,-82.5001,76.05,86,100,2.82
368,Fairbanks,US,2021-06-06 03:05:04,64.8378,-147.7164,72.61,42,79,1.99
369,Nizwa,OM,2021-06-06 03:07:47,22.9333,57.5333,94.46,23,0,2.86
370,Dmitrovsk-Orlovskiy,RU,2021-06-06 03:09:46,52.505,35.1464,51.33,97,61,7.65
371,Oxilithos,GR,2021-06-06 03:08:10,38.5833,24.1167,64.92,53,1,2.39
372,Lom Sak,TH,2021-06-06 03:09:47,16.7798,101.2422,86.36,61,100,5.77
373,Severomuysk,RU,2021-06-06 03:09:47,56.1481,113.4267,70.36,28,68,11.99
374,Berdigestyakh,RU,2021-06-06 03:09:47,62.0989,126.6992,51.96,58,100,6.2
375,Palana,RU,2021-06-06 03:09:47,59.1167,159.9667,43.83,85,100,5.32
376,Esperance,AU,2021-06-06 03:09:48,-33.8667,121.9,64.13,56,19,19.33
377,Yen Bai,VN,2021-06-06 03:09:48,21.7,104.8667,88.23,63,56,2.37
378,Mporokoso,ZM,2021-06-06 03:09:48,-9.3727,30.125,58.62,78,94,10.31
379,Kwekwe,ZW,2021-06-06 03:09:49,-18.9281,29.8149,44.29,91,42,8.9
380,Bowen,AU,2021-06-06 03:09:49,-20.0167,148.2333,71.46,60,86,15.66
381,Port Hardy,CA,2021-06-06 03:09:49,50.6996,-127.4199,51.44,74,98,9.06
382,Keffi,NG,2021-06-06 03:08:10,8.8486,7.8736,73.2,88,85,2.42
383,Marawi,PH,2021-06-06 03:09:50,7.9986,124.2928,75.65,83,98,4.54
384,Comodoro Rivadavia,AR,2021-06-06 03:08:26,-45.8667,-67.5,42.66,65,0,14.97
385,Ciudad Bolivar,VE,2021-06-06 03:09:50,8.1222,-63.5497,76.77,85,99,14.0
386,Kandrian,PG,2021-06-06 03:09:50,-6.2167,149.55,85.21,71,46,11.36
387,Alindao,CF,2021-06-06 03:09:51,5.0267,21.2088,68.11,98,100,0.67
388,Nakusp,CA,2021-06-06 03:09:51,50.2499,-117.8023,50.47,95,100,4.85
389,Burns Lake,CA,2021-06-06 03:09:51,54.2331,-125.7533,50.83,44,59,10.63
390,Marquette,US,2021-06-06 03:09:52,46.5333,-87.6335,71.04,78,71,5.77
391,Beringovskiy,RU,2021-06-06 03:09:52,63.05,179.3167,39.94,84,80,2.35
392,Porangatu,BR,2021-06-06 03:09:52,-13.4408,-49.1486,73.09,63,100,3.31
393,Kruisfontein,ZA,2021-06-06 03:09:53,-34.0033,24.7314,51.73,28,0,9.26
394,Ayr,GB,2021-06-06 03:09:53,55.4627,-4.6339,51.49,100,91,3.44
395,Barao De Melgaco,BR,2021-06-06 03:09:53,-16.1944,-55.9675,77.52,47,100,4.85
396,Lorengau,PG,2021-06-06 03:09:53,-2.0226,147.2712,80.11,84,100,9.62
397,Fukuma,JP,2021-06-06 03:09:54,33.7667,130.4667,81.28,61,100,2.64
398,Corning,US,2021-06-06 03:09:54,42.1428,-77.0547,71.24,82,1,4.16
399,Kavieng,PG,2021-06-06 03:09:55,-2.5744,150.7967,82.78,75,100,0.81
400,Katsuura,JP,2021-06-06 03:09:55,35.1333,140.3,69.91,93,100,3.51
401,Boras,SE,2021-06-06 03:09:56,57.721,12.9401,55.35,69,100,2.13
402,Praia,CV,2021-06-06 03:09:56,14.9215,-23.5087,73.94,68,0,21.85
403,Marfino,RU,2021-06-06 03:09:56,55.7028,37.3822,60.75,77,0,6.73
404,Codrington,AU,2021-06-06 03:09:57,-38.2667,141.9667,60.39,79,100,16.17
405,Clayton,US,2021-06-06 03:09:57,33.5335,-84.3666,76.44,88,90,5.17
406,Cabedelo,BR,2021-06-06 03:09:57,-6.9811,-34.8339,75.87,87,94,9.91
407,Nelson Bay,AU,2021-06-06 03:07:18,-32.7167,152.15,63.77,55,0,1.99
408,Haines Junction,CA,2021-06-06 03:09:58,60.7522,-137.5108,55.9,54,97,4.43
409,Acarau,BR,2021-06-06 03:09:58,-2.8856,-40.12,76.24,86,0,10.71
410,Along,IN,2021-06-06 03:09:59,28.1667,94.7667,76.21,86,96,1.41
411,Barcelos,PT,2021-06-06 03:09:59,41.5388,-8.6151,60.91,82,0,2.26
412,Belaya Gora,RU,2021-06-06 03:09:59,68.5333,146.4167,53.24,52,100,26.51
413,Collie,AU,2021-06-06 03:10:00,-33.3667,116.15,57.97,96,100,3.96
414,Diu,IN,2021-06-06 03:10:00,20.7141,70.9822,86.7,57,12,7.05
415,Nyimba,ZM,2021-06-06 03:10:01,-14.5566,30.8149,60.13,61,100,8.95
416,Makurdi,NG,2021-06-06 03:08:10,7.7411,8.5121,75.0,89,100,4.38
417,Sorland,NO,2021-06-06 03:10:01,67.667,12.6934,50.49,85,9,9.44
418,Miyazu,JP,2021-06-06 03:10:01,35.5333,135.1833,77.32,50,97,2.53
419,Palmer,US,2021-06-06 03:10:02,42.1584,-72.3287,77.45,75,75,5.28
420,Gangapur,IN,2021-06-06 03:10:03,26.4833,76.7167,93.96,32,25,3.18
421,Kavaratti,IN,2021-06-06 03:07:00,10.5669,72.642,82.87,76,100,13.96
422,Krasnorechenskiy,RU,2021-06-06 03:10:04,44.6265,135.3532,59.41,73,91,8.99
423,Sjovegan,NO,2021-06-06 03:10:04,68.8726,17.8474,55.2,70,35,1.99
424,Alibag,IN,2021-06-06 03:10:04,18.6411,72.8792,82.47,72,95,4.99
425,Tupik,RU,2021-06-06 03:10:05,54.4253,119.9327,77.02,35,45,9.1
426,Houma,US,2021-06-06 03:10:01,29.5958,-90.7195,78.01,87,75,12.66
427,Kawalu,ID,2021-06-06 03:10:05,-7.3817,108.2082,85.98,57,25,2.98
428,Ellensburg,US,2021-06-06 03:08:21,46.9965,-120.5479,58.64,55,20,8.01
429,Carutapera,BR,2021-06-06 03:10:06,-1.195,-46.02,75.36,90,81,3.89
430,Sadove,UA,2021-06-06 03:10:06,46.2487,30.1795,58.96,92,100,9.26
431,Ouadda,CF,2021-06-06 03:10:06,8.0777,22.4007,65.1,93,100,4.38
432,Iguai,BR,2021-06-06 03:10:07,-14.7564,-40.0892,64.33,97,69,3.65
433,Labuhan,ID,2021-06-06 03:10:07,-6.8844,112.2051,86.02,65,10,3.89
434,Rio Gallegos,AR,2021-06-06 03:10:07,-51.6226,-69.2181,33.85,75,90,6.91
435,Prince Rupert,CA,2021-06-06 03:10:07,54.3161,-130.3201,47.19,90,100,7.83
436,Bilma,NE,2021-06-06 03:10:08,18.6853,12.9164,90.77,17,100,8.66
437,Halifax,CA,2021-06-06 03:09:38,44.6453,-63.5724,54.34,73,100,11.63
438,Smiltene,LV,2021-06-06 03:10:08,57.4244,25.9016,55.8,85,84,3.56
439,Selma,US,2021-06-06 03:06:10,36.5708,-119.6121,93.25,31,55,10.67
440,Boda,CF,2021-06-06 03:10:09,4.3189,17.4695,67.71,97,100,1.54
441,Truro,GB,2021-06-06 03:10:09,50.2653,-5.0544,57.96,100,90,2.39
442,Sungaipenuh,ID,2021-06-06 03:10:09,-2.0833,101.3833,76.87,64,26,3.51
443,Bend,US,2021-06-06 03:06:25,44.0582,-121.3153,56.48,45,1,1.01
444,Baie-Saint-Paul,CA,2021-06-06 03:10:10,47.4411,-70.4986,64.98,91,69,3.0
445,Fuldatal,DE,2021-06-06 03:10:10,51.3833,9.5667,64.99,99,100,5.66
446,Linxia,CN,2021-06-06 03:10:10,35.6003,103.2064,73.18,25,100,6.26
447,Egvekinot,RU,2021-06-06 03:10:11,66.3167,-179.1667,39.78,65,52,1.99
448,Ust-Maya,RU,2021-06-06 03:10:11,60.4167,134.5333,78.64,36,87,5.1
449,Kumluca,TR,2021-06-06 03:10:11,36.3703,30.2869,69.21,37,0,7.27
450,Sao Joao Da Ponte,BR,2021-06-06 03:10:11,-15.9292,-44.0078,69.01,64,100,6.4
451,San Cristobal,VE,2021-06-06 03:10:12,7.7669,-72.225,66.7,99,100,2.75
452,Tera,NE,2021-06-06 03:10:12,14.0078,0.7531,88.86,37,22,7.58
453,Maarianhamina,AX,2021-06-06 03:10:12,60.0973,19.9348,46.26,93,0,1.14
454,Juba,SS,2021-06-06 03:10:13,4.8517,31.5825,69.76,96,94,3.2
455,Skibbereen,IE,2021-06-06 03:10:13,51.55,-9.2667,53.4,89,3,4.07
456,Kangaatsiaq,GL,2021-06-06 03:10:13,68.3065,-53.4641,37.9,93,100,13.6
457,Soyo,AO,2021-06-06 03:10:14,-6.1349,12.3689,75.96,91,50,7.09
458,Tabou,CI,2021-06-06 03:10:14,4.423,-7.3528,77.4,90,78,4.54
459,Asilah,MA,2021-06-06 03:10:14,35.465,-6.0348,67.96,89,0,5.84
460,Santa Maria Da Boa Vista,BR,2021-06-06 03:10:15,-8.8078,-39.8256,70.86,84,54,15.08
461,Hot Springs,US,2021-06-06 03:10:15,34.5037,-93.0552,72.72,93,100,1.01
462,Troitsk,RU,2021-06-06 03:10:15,54.0979,61.5773,59.86,50,57,3.33
463,Leonidovo,RU,2021-06-06 03:10:15,49.2833,142.8667,57.47,66,99,2.8
464,Richards Bay,ZA,2021-06-06 03:07:43,-28.783,32.0377,61.27,83,98,1.97
465,Samarai,PG,2021-06-06 03:10:16,-10.6167,150.6667,79.3,84,88,16.75
466,Vanavara,RU,2021-06-06 03:10:16,60.34,102.2797,58.21,30,34,14.88
467,Sibolga,ID,2021-06-06 03:07:24,1.7427,98.7792,84.33,53,87,0.83
468,Henties Bay,NA,2021-06-06 03:10:17,-22.116,14.2845,75.85,27,0,27.67
469,Vardo,NO,2021-06-06 03:10:17,70.3705,31.1107,41.65,75,39,14.74
470,Irosin,PH,2021-06-06 03:10:17,12.75,124.0333,81.03,73,100,4.61
471,Ames,US,2021-06-06 03:10:18,42.0347,-93.6199,81.32,47,1,11.5
472,Chengzihe,CN,2021-06-06 03:10:18,45.3333,131.0667,65.84,61,84,9.53
473,Talara,PE,2021-06-06 03:10:18,-4.5772,-81.2719,67.26,87,99,13.4
474,Iwanai,JP,2021-06-06 03:10:18,42.9744,140.5089,73.4,55,1,11.1
475,Abu Dhabi,AE,2021-06-06 03:10:19,24.4667,54.3667,87.82,79,0,6.44
476,Kasongo-Lunda,CD,2021-06-06 03:10:19,-6.4667,16.8167,65.43,55,1,2.19
477,Lufilufi,WS,2021-06-06 03:10:19,-13.8745,-171.5986,87.58,75,29,8.01
478,Sisimiut,GL,2021-06-06 03:10:20,66.9395,-53.6735,40.48,92,100,6.29
479,Pimenta Bueno,BR,2021-06-06 03:10:20,-11.6725,-61.1936,72.16,82,96,3.2
480,Taltal,CL,2021-06-06 03:10:20,-25.4,-70.4833,59.99,86,25,4.23
481,Kamaishi,JP,2021-06-06 03:10:21,39.2667,141.8833,73.56,56,74,11.7
482,Leon Valley,US,2021-06-06 03:10:21,29.4952,-98.6186,75.47,85,1,7.0
483,San Policarpo,PH,2021-06-06 03:10:21,12.1791,125.5072,83.64,76,74,4.56
484,Puri,IN,2021-06-06 03:10:22,19.8,85.85,90.12,75,6,20.22
485,Huarmey,PE,2021-06-06 03:10:22,-10.0681,-78.1522,64.8,85,35,8.52
486,Taoudenni,ML,2021-06-06 03:10:22,22.6783,-3.9836,96.6,17,88,19.55
487,Pandan,PH,2021-06-06 03:10:22,14.0453,124.1694,85.59,73,100,1.52
488,Adrar,MR,2021-06-06 03:07:57,20.5022,-10.0711,87.78,12,11,21.32
489,Lichuan,CN,2021-06-06 03:10:23,30.3,108.85,80.33,32,73,2.39
490,Beloha,MG,2021-06-06 03:08:27,-25.1667,45.05,57.79,81,0,5.77
491,San Joaquin,US,2021-06-06 03:10:23,37.9333,-121.3011,88.68,32,1,12.66
492,Peleduy,RU,2021-06-06 03:10:24,59.6289,112.7406,48.94,93,100,5.35
493,Acari,PE,2021-06-06 03:10:24,-15.4311,-74.6158,65.16,77,33,2.24
494,Katima Mulilo,NA,2021-06-06 03:10:24,-17.5,24.2667,44.78,88,17,5.77
495,Udachnyy,RU,2021-06-06 03:10:25,66.4167,112.4,50.27,37,84,16.35
496,Coahuayana,MX,2021-06-06 03:10:25,18.7333,-103.6833,79.5,86,95,1.86
497,Poronaysk,RU,2021-06-06 03:10:25,49.2167,143.1167,51.42,79,99,6.55
498,Belmonte,BR,2021-06-06 03:10:26,-15.8631,-38.8828,73.9,88,50,7.87
499,Namtsy,RU,2021-06-06 03:10:26,62.7161,129.6658,59.11,50,99,8.79
500,Riohacha,CO,2021-06-06 03:07:30,11.5444,-72.9072,80.82,79,100,13.04
501,Ampanihy,MG,2021-06-06 03:10:26,-24.7,44.75,56.75,83,0,7.16
502,Eureka,US,2021-06-06 03:10:25,40.8021,-124.1637,60.67,75,100,10.0
503,Nuuk,GL,2021-06-06 03:07:52,64.1835,-51.7216,43.41,75,75,12.66
504,Mombetsu,JP,2021-06-06 03:10:27,44.3525,143.3525,69.39,48,0,3.06
505,Filingue,NE,2021-06-06 03:10:27,14.3521,3.3168,86.0,40,12,4.59
506,Kahului,US,2021-06-06 03:08:41,20.8947,-156.47,83.46,61,20,23.02
507,Pierre,US,2021-06-06 03:10:28,44.3683,-100.351,85.98,39,1,10.36
508,Northam,GB,2021-06-06 03:10:28,51.0333,-4.2167,58.33,96,100,4.23
509,Jibuti,DJ,2021-06-06 03:10:28,11.5,42.5,80.02,58,38,5.19
510,Marienburg,PL,2021-06-06 03:10:29,54.0359,19.0266,49.77,81,0,3.8
511,Ayaviri,PE,2021-06-06 03:10:29,-14.8864,-70.5889,41.31,52,61,2.13
512,Goderich,CA,2021-06-06 03:06:56,43.7501,-81.7165,76.21,87,9,12.93
513,Maracas,BR,2021-06-06 03:10:29,-13.4411,-40.4308,60.8,94,33,5.7
514,Cartagena Del Chaira,CO,2021-06-06 03:10:30,1.3349,-74.8429,72.03,98,97,1.68
515,Maceio,BR,2021-06-06 03:10:30,-9.6658,-35.7353,76.44,83,90,10.22
516,Jalu,LY,2021-06-06 03:10:30,29.0331,21.5482,69.1,42,0,7.9
517,Saint-Georges,GD,2021-06-06 03:10:31,12.0564,-61.7485,80.28,83,75,21.85
518,Weihe,CN,2021-06-06 03:10:31,32.9952,105.3247,74.88,54,100,5.93
519,Unguia,CO,2021-06-06 03:10:31,8.0434,-77.0945,76.3,97,100,1.99
520,Yakeshi,CN,2021-06-06 03:10:32,49.2833,120.7333,70.21,40,1,2.66
521,Erzincan,TR,2021-06-06 03:10:32,39.75,39.5,54.7,54,75,10.36
522,Yulara,AU,2021-06-06 03:10:32,-25.2406,130.9889,67.84,32,0,10.36
523,Hirara,JP,2021-06-06 03:10:33,24.8,125.2833,82.26,84,73,24.32
524,Lokosovo,RU,2021-06-06 03:10:33,61.1333,74.8167,59.63,48,94,3.0
525,Gravdal,NO,2021-06-06 03:10:33,68.1214,13.5031,50.88,79,14,8.34
526,Buraydah,SA,2021-06-06 03:10:34,26.326,43.975,86.34,14,2,10.16
527,Vilhena,BR,2021-06-06 03:10:34,-12.7406,-60.1458,68.38,68,100,2.04
528,Grindavik,IS,2021-06-06 03:10:34,63.8424,-22.4338,48.56,87,75,18.68
529,Monki,PL,2021-06-06 03:10:35,53.405,22.7979,51.87,93,36,6.24
530,Port-Cartier,CA,2021-06-06 03:10:35,50.0334,-66.8654,51.75,77,8,5.93
531,Broome,US,2021-06-06 03:10:35,42.2506,-75.833,70.61,72,68,2.73
532,Kokoda,PG,2021-06-06 03:10:35,-8.8785,147.7407,81.59,85,99,3.67
533,Namatanai,PG,2021-06-06 03:10:36,-3.6667,152.4333,84.02,76,88,7.85
534,La Cruz,MX,2021-06-06 03:10:36,23.9167,-106.9,79.47,83,1,3.0
535,Sao Sebastiao,BR,2021-06-06 03:06:15,-23.76,-45.4097,69.67,68,1,4.34
536,Swift Current,CA,2021-06-06 03:10:36,50.2834,-107.8014,66.45,30,45,18.34
537,Biltine,TD,2021-06-06 03:10:37,14.5333,20.9167,81.27,52,96,12.71
538,Atar,MR,2021-06-06 03:10:37,20.5169,-13.0499,87.35,16,100,13.02
539,Stolin,BY,2021-06-06 03:10:37,51.8912,26.846,52.9,92,73,5.57
540,Hit,IQ,2021-06-06 03:10:38,33.6416,42.8251,80.58,20,0,10.11
541,Bambanglipuro,ID,2021-06-06 03:10:38,-7.95,110.2833,68.61,70,18,4.92
542,Ancud,CL,2021-06-06 03:10:38,-41.8697,-73.8203,47.23,82,91,5.35
543,Villa Carlos Paz,AR,2021-06-06 03:10:39,-31.4241,-64.4978,48.4,73,68,1.99
544,Aguimes,ES,2021-06-06 03:10:39,27.9054,-15.4461,63.23,63,40,19.57
545,Parrita,CR,2021-06-06 03:07:43,9.5201,-84.3225,82.53,86,70,1.9
546,Husavik,IS,2021-06-06 03:10:39,66.0449,-17.3389,49.73,78,77,4.81
547,Khandyga,RU,2021-06-06 03:10:40,62.6667,135.6,82.35,28,78,10.25
548,Kayerkan,RU,2021-06-06 03:10:40,69.3497,87.7602,31.51,96,100,8.86
549,Keuruu,FI,2021-06-06 03:10:40,62.2667,24.7,60.8,73,82,3.49
550,Jamame,SO,2021-06-06 03:10:41,0.0722,42.7506,76.33,84,77,9.78
551,Bomet,KE,2021-06-06 03:10:41,-0.7813,35.3416,52.09,92,12,5.77
552,Batticaloa,LK,2021-06-06 03:10:41,7.7102,81.6924,82.13,73,98,4.16
